{
  "faithfulness": 0.9166666666666666,
  "answer_relevancy": 0.9109855571048936,
  "context_precision": 0.9166666666375001,
  "context_recall": 1.0
}