{
  "faithfulness": 0.9666666666666667,
  "answer_relevancy": 0.8886134652455269,
  "context_precision": 0.972222222187037,
  "context_recall": 1.0
}