{
  "faithfulness": 0.8813131313131314,
  "answer_relevancy": 0.9105192124972213,
  "context_precision": 0.9351851851512345,
  "context_recall": 1.0
}