{
  "faithfulness": 0.6961644993284921,
  "answer_relevancy": 0.8738836828206361,
  "context_precision": 0.5437710437330388,
  "context_recall": 0.8171731747489324
}