{
  "faithfulness": 0.8068835042917977,
  "answer_relevancy": 0.902070720382703,
  "context_precision": 0.5476992143288393,
  "context_recall": 0.805269141632778
}