{
  "faithfulness": 0.9107798804205596,
  "answer_relevancy": 0.5937345565123182,
  "context_precision": 0.461840628473887,
  "context_recall": 0.7329040768434708
}