{
  "faithfulness": 0.7260941706117146,
  "answer_relevancy": 0.8334160287077148,
  "context_precision": 0.5928731761632482,
  "context_recall": 0.798726806302564
}