{
  "faithfulness": 0.7549304953142086,
  "answer_relevancy": 0.9005802167331104,
  "context_precision": 0.43153759817270854,
  "context_recall": 0.7348841954902563
}