{
  "faithfulness": 0.7278075073292579,
  "answer_relevancy": 0.8241797035225458,
  "context_precision": 0.5552749719013842,
  "context_recall": 0.8070368184004547
}