{
  "faithfulness": 0.873787613692158,
  "answer_relevancy": 0.6903987044579557,
  "context_precision": 0.4652076318407501,
  "context_recall": 0.7329361435422043
}