{
  "faithfulness": 0.8208221875804292,
  "answer_relevancy": 0.6306449202803593,
  "context_precision": 0.5610500610090303,
  "context_recall": 0.8104550211693069
}