{
  "faithfulness": 0.8023357422599847,
  "answer_relevancy": 0.8959584612519064,
  "context_precision": 0.5336700336313552,
  "context_recall": 0.815169006078097
}