{
  "faithfulness": 0.7645198022191643,
  "answer_relevancy": 0.8612247440214791,
  "context_precision": 0.5418069584360082,
  "context_recall": 0.8043545119302695
}