{
  "faithfulness": 0.7112337998701634,
  "answer_relevancy": 0.8409969861645832,
  "context_precision": 0.5496632996244247,
  "context_recall": 0.8068564432200795
}