{
  "faithfulness": 0.753817527501738,
  "answer_relevancy": 0.7681639305136984,
  "context_precision": 0.4551066217405396,
  "context_recall": 0.7360025216085821
}