{
  "faithfulness": 0.9339740199635594,
  "answer_relevancy": 0.6674527823950102,
  "context_precision": 0.5586419752692713,
  "context_recall": 0.799364860728497
}