{
  "faithfulness": 0.7999189146740511,
  "answer_relevancy": 0.923452367756897,
  "context_precision": 0.5743546576484474,
  "context_recall": 0.8132049207806784
}