{
  "faithfulness": 0.7803589747217198,
  "answer_relevancy": 0.8510452476476671,
  "context_precision": 0.5311447811075757,
  "context_recall": 0.8055096418732782
}