{
  "faithfulness": 0.7867932398632623,
  "answer_relevancy": 0.913314668091271,
  "context_precision": 0.5796857463101104,
  "context_recall": 0.8170536534172897
}