{
  "faithfulness": 0.8343501335925578,
  "answer_relevancy": 0.6213533491932056,
  "context_precision": 0.5561167227440049,
  "context_recall": 0.80714504350868
}