{
  "faithfulness": 0.7206139187141155,
  "answer_relevancy": 0.8596723401040494,
  "context_precision": 0.5732323231907548,
  "context_recall": 0.810848018423776
}