{
  "faithfulness": 0.6700080783414115,
  "answer_relevancy": 0.7857278860872743,
  "context_precision": 0.45005611669171813,
  "context_recall": 0.7306958473625141
}