{
  "faithfulness": 0.7658386506871355,
  "answer_relevancy": 0.5542483151862697,
  "context_precision": 0.4612794612468995,
  "context_recall": 0.732198245077033
}