{
  "faithfulness": 0.6783243832486257,
  "answer_relevancy": 0.8793745161770727,
  "context_precision": 0.45679012342488307,
  "context_recall": 0.7235442447563661
}