{
  "faithfulness": 0.7428904808138319,
  "answer_relevancy": 0.9023592730132233,
  "context_precision": 0.552188552148583,
  "context_recall": 0.8086361449997813
}