{
  "faithfulness": 0.9221250284958745,
  "answer_relevancy": 0.7379288009577278,
  "context_precision": 0.5622895622507296,
  "context_recall": 0.8055096418732782
}