{
  "faithfulness": 0.9313745235091047,
  "answer_relevancy": 0.6502141829776272,
  "context_precision": 0.5622895622499859,
  "context_recall": 0.8074810150567726
}