{
  "faithfulness": 0.7332831029800727,
  "answer_relevancy": 0.8327350809965264,
  "context_precision": 0.45089786753318833,
  "context_recall": 0.7356097045490986
}