{
  "faithfulness": 0.7309771525621981,
  "answer_relevancy": 0.8321385683704982,
  "context_precision": 0.4551066217419706,
  "context_recall": 0.7297655487049427
}