{
  "faithfulness": 0.9038698378867979,
  "answer_relevancy": 0.7893760611654956,
  "context_precision": 0.5401234567518473,
  "context_recall": 0.8171731747489324
}