{
  "faithfulness": 0.5733333333333334,
  "answer_relevancy": 0.5719861715203785,
  "context_precision": 0.5833333333059721,
  "context_recall": 0.825
}