{
  "faithfulness": 0.37706140350877193,
  "answer_relevancy": 0.8825765761052164,
  "context_precision": 0.6833333332959721,
  "context_recall": 0.875
}