{
  "faithfulness": 0.5750000000000001,
  "answer_relevancy": 0.6925198853806583,
  "context_precision": 0.7166666666288888,
  "context_recall": 0.8550000000000001
}