{
  "faithfulness": 0.6866666666666668,
  "answer_relevancy": 0.6707433699256404,
  "context_precision": 0.6666666666351387,
  "context_recall": 0.875
}