{
  "faithfulness": 0.575595238095238,
  "answer_relevancy": 0.6947867932659296,
  "context_precision": 0.7499999999572221,
  "context_recall": 0.805
}