{
  "faithfulness": 0.5260671191553544,
  "answer_relevancy": 0.8017336103595323,
  "context_precision": 0.6083333333095833,
  "context_recall": 0.875
}