{
  "faithfulness": 0.5549999999999999,
  "answer_relevancy": 0.4964551957836729,
  "context_precision": 0.7749999999576389,
  "context_recall": 0.8550000000000001
}