{
  "faithfulness": 0.4733333333333333,
  "answer_relevancy": 0.7915061324618086,
  "context_precision": 0.7166666666288888,
  "context_recall": 0.805
}