{
  "faithfulness": 0.8728174603174603,
  "answer_relevancy": 0.9072187709565821,
  "context_precision": 0.7305555555167593,
  "context_recall": 0.7685714285714286
}