{
  "faithfulness": 0.7633333333333334,
  "answer_relevancy": 0.9304221280674762,
  "context_precision": 0.9472222221903703,
  "context_recall": 0.8219047619047618
}