{
  "faithfulness": 0.9429487179487179,
  "answer_relevancy": 0.6283922876546403,
  "context_precision": 0.9472222221912038,
  "context_recall": 0.8584126984126984
}