{
  "faithfulness": 0.798794955044955,
  "answer_relevancy": 0.8235013541079731,
  "context_precision": 0.7305555555167593,
  "context_recall": 0.7285714285714285
}