{
  "faithfulness": 0.7623809523809524,
  "answer_relevancy": 0.7812468861242715,
  "context_precision": 0.9555555555231482,
  "context_recall": 0.8730158730158731
}