{
  "faithfulness": 0.6007936507936508,
  "answer_relevancy": 0.7890707338263802,
  "context_precision": 0.7305555555167593,
  "context_recall": 0.7685714285714286
}