{
  "faithfulness": 0.6559523809523808,
  "answer_relevancy": 0.9268906581453431,
  "context_precision": 0.7305555555167593,
  "context_recall": 0.7685714285714286
}