{
  "faithfulness": 0.8099999999999999,
  "answer_relevancy": 0.8108935658937119,
  "context_precision": 0.7305555555167593,
  "context_recall": 0.7685714285714286
}