{
  "faithfulness": 0.741547619047619,
  "answer_relevancy": 0.9239851294097967,
  "context_precision": 0.9472222221912038,
  "context_recall": 0.844126984126984
}