{
  "faithfulness": 0.8150000000000001,
  "answer_relevancy": 0.8248921541499984,
  "context_precision": 0.9833333333016668,
  "context_recall": 0.8730158730158731
}