{
  "faithfulness": 0.7940476190476191,
  "answer_relevancy": 0.9207491227348157,
  "context_precision": 0.9833333333016668,
  "context_recall": 0.8730158730158731
}