{
  "yxchia_multilingual-e5-large-instruct__ollama_hf.co_microsoft_Phi-3-mini-4k-instruct-gguf:Phi-3-mini-4k-instruct-q4.gguf": {
    "faithfulness": 0.8099999999999999,
    "answer_relevancy": 0.8108935658937119,
    "context_precision": 0.7305555555167593,
    "context_recall": 0.7685714285714286
  },
  "bge-m3__ollama_hf.co_tiiuae_Falcon3-3B-Instruct-GGUF:Q4_K_M": {
    "faithfulness": 0.7818452380952381,
    "answer_relevancy": 0.9311521859463557,
    "context_precision": 0.9277777777457406,
    "context_recall": 0.8330158730158729
  },
  "bge-m3__ollama_hf.co_MaziyarPanahi_Phi-4-mini-instruct-GGUF:Q4_K_M": {
    "faithfulness": 0.5292857142857142,
    "answer_relevancy": 0.8966201117061544,
    "context_precision": 0.9472222221903703,
    "context_recall": 0.8219047619047618
  },
  "hf.co_Qwen_Qwen3-Embedding-0.6B-GGUF:Q8_0__ollama_hf.co_Qwen_Qwen2.5-3B-Instruct-GGUF:Q4_K_M": {
    "faithfulness": 0.8433333333333334,
    "answer_relevancy": 0.844270406118158,
    "context_precision": 0.9555555555231482,
    "context_recall": 0.8730158730158731
  },
  "yxchia_multilingual-e5-large-instruct__ollama_hf.co_tiiuae_Falcon3-3B-Instruct-GGUF:Q4_K_M": {
    "faithfulness": 0.8728174603174603,
    "answer_relevancy": 0.9072187709565821,
    "context_precision": 0.7305555555167593,
    "context_recall": 0.7685714285714286
  },
  "bge-m3__ollama_hf.co_MaziyarPanahi_Phi-3.5-mini-instruct-GGUF:Q4_K_M": {
    "faithfulness": 0.7517063492063493,
    "answer_relevancy": 0.8073744193626725,
    "context_precision": 0.9444444444140739,
    "context_recall": 0.8219047619047618
  },
  "yxchia_multilingual-e5-large-instruct__ollama_hf.co_MaziyarPanahi_Phi-4-mini-instruct-GGUF:Q4_K_M": {
    "faithfulness": 0.5239682539682539,
    "answer_relevancy": 0.8029184396508926,
    "context_precision": 0.7305555555167593,
    "context_recall": 0.7574603174603175
  },
  "hf.co_Qwen_Qwen3-Embedding-0.6B-GGUF:Q8_0__ollama_hf.co_MaziyarPanahi_Phi-3.5-mini-instruct-GGUF:Q4_K_M": {
    "faithfulness": 0.7623809523809524,
    "answer_relevancy": 0.7812468861242715,
    "context_precision": 0.9555555555231482,
    "context_recall": 0.8730158730158731
  },
  "hf.co_Qwen_Qwen3-Embedding-0.6B-GGUF:Q8_0__ollama_hf.co_bartowski_Llama-3.2-3B-Instruct-GGUF:Q4_K_M": {
    "faithfulness": 0.7940476190476191,
    "answer_relevancy": 0.9207491227348157,
    "context_precision": 0.9833333333016668,
    "context_recall": 0.8730158730158731
  },
  "bge-m3__ollama_hf.co_Qwen_Qwen2.5-3B-Instruct-GGUF:Q4_K_M": {
    "faithfulness": 0.7633333333333334,
    "answer_relevancy": 0.9304221280674762,
    "context_precision": 0.9472222221903703,
    "context_recall": 0.8219047619047618
  },
  "bge-m3__ollama_hf.co_bartowski_Llama-3.2-3B-Instruct-GGUF:Q4_K_M": {
    "faithfulness": 0.741547619047619,
    "answer_relevancy": 0.9239851294097967,
    "context_precision": 0.9472222221912038,
    "context_recall": 0.844126984126984
  },
  "bge-m3__ollama_hf.co_microsoft_Phi-3-mini-4k-instruct-gguf:Phi-3-mini-4k-instruct-q4.gguf": {
    "faithfulness": 0.8433333333333334,
    "answer_relevancy": 0.9064919403116434,
    "context_precision": 0.9444444444149074,
    "context_recall": 0.8219047619047618
  },
  "bge-m3__azure-gpt5": {
    "faithfulness": 0.9429487179487179,
    "answer_relevancy": 0.6283922876546403,
    "context_precision": 0.9472222221912038,
    "context_recall": 0.8584126984126984
  },
  "hf.co_Qwen_Qwen3-Embedding-0.6B-GGUF:Q8_0__ollama_hf.co_MaziyarPanahi_Phi-4-mini-instruct-GGUF:Q4_K_M": {
    "faithfulness": 0.6980555555555557,
    "answer_relevancy": 0.8763475538504902,
    "context_precision": 0.9833333333016668,
    "context_recall": 0.8730158730158731
  },
  "yxchia_multilingual-e5-large-instruct__ollama_hf.co_MaziyarPanahi_Phi-3.5-mini-instruct-GGUF:Q4_K_M": {
    "faithfulness": 0.6007936507936508,
    "answer_relevancy": 0.7890707338263802,
    "context_precision": 0.7305555555167593,
    "context_recall": 0.7685714285714286
  },
  "yxchia_multilingual-e5-large-instruct__ollama_hf.co_bartowski_Llama-3.2-3B-Instruct-GGUF:Q4_K_M": {
    "faithfulness": 0.6559523809523808,
    "answer_relevancy": 0.9268906581453431,
    "context_precision": 0.7305555555167593,
    "context_recall": 0.7685714285714286
  },
  "hf.co_Qwen_Qwen3-Embedding-0.6B-GGUF:Q8_0__azure-gpt5": {
    "faithfulness": 0.8795238095238094,
    "answer_relevancy": 0.8080316205860807,
    "context_precision": 0.974999999967778,
    "context_recall": 0.8730158730158731
  },
  "hf.co_Qwen_Qwen3-Embedding-0.6B-GGUF:Q8_0__ollama_hf.co_microsoft_Phi-3-mini-4k-instruct-gguf:Phi-3-mini-4k-instruct-q4.gguf": {
    "faithfulness": 0.8150000000000001,
    "answer_relevancy": 0.8248921541499984,
    "context_precision": 0.9833333333016668,
    "context_recall": 0.8730158730158731
  },
  "hf.co_Qwen_Qwen3-Embedding-0.6B-GGUF:Q8_0__ollama_hf.co_tiiuae_Falcon3-3B-Instruct-GGUF:Q4_K_M": {
    "faithfulness": 0.9482352941176471,
    "answer_relevancy": 0.8357123954212046,
    "context_precision": 0.966666666636389,
    "context_recall": 0.8730158730158731
  },
  "yxchia_multilingual-e5-large-instruct__azure-gpt5": {
    "faithfulness": 0.798794955044955,
    "answer_relevancy": 0.8235013541079731,
    "context_precision": 0.7305555555167593,
    "context_recall": 0.7285714285714285
  },
  "yxchia_multilingual-e5-large-instruct__ollama_hf.co_Qwen_Qwen2.5-3B-Instruct-GGUF:Q4_K_M": {
    "faithfulness": 0.6922619047619047,
    "answer_relevancy": 0.8242965593872513,
    "context_precision": 0.7111111110721298,
    "context_recall": 0.7685714285714286
  }
}