{
  "faithfulness": 0.8466666666666667,
  "answer_relevancy": 0.5647634162391121,
  "context_precision": 0.60833333330875,
  "context_recall": 0.875
}