{
  "faithfulness": 0.7416666666666667,
  "answer_relevancy": 0.5478768657753279,
  "context_precision": 0.5833333333059721,
  "context_recall": 0.875
}