{
  "faithfulness": 0.7716666666666666,
  "answer_relevancy": 0.2961067976208477,
  "context_precision": 0.6333333333025,
  "context_recall": 0.875
}