{
  "faithfulness": 0.7633333333333333,
  "answer_relevancy": 0.44570525815586615,
  "context_precision": 0.7499999999572221,
  "context_recall": 0.905
}