{
  "faithfulness": 0.825,
  "answer_relevancy": 0.5894281861504315,
  "context_precision": 0.7333333332930554,
  "context_recall": 0.905
}