{
  "faithfulness": 0.6941666666666666,
  "answer_relevancy": 0.49739275666574817,
  "context_precision": 0.7166666666272221,
  "context_recall": 0.8550000000000001
}