{
  "faithfulness": 0.6692857142857143,
  "answer_relevancy": 0.44697496426947714,
  "context_precision": 0.6333333333025,
  "context_recall": 0.9
}