{
  "faithfulness": 0.6416666666666666,
  "answer_relevancy": 0.2714839492461544,
  "context_precision": 0.6666666666351387,
  "context_recall": 0.875
}