{
  "faithfulness": 0.8307142857142857,
  "answer_relevancy": 0.517052121542952,
  "context_precision": 0.6833333332959721,
  "context_recall": 0.875
}