{
  "faithfulness": 0.6366666666666667,
  "answer_relevancy": 0.4202660936681325,
  "context_precision": 0.691666666632361,
  "context_recall": 0.875
}