{
  "faithfulness": 0.5833333333333334,
  "answer_relevancy": 0.6762396071621113,
  "context_precision": 0.7499999999563889,
  "context_recall": 0.9550000000000001
}