{
  "faithfulness": 0.6266666666666667,
  "answer_relevancy": 0.653624942249061,
  "context_precision": 0.6916666666273611,
  "context_recall": 0.875
}