{
  "faithfulness": 0.7166666666666666,
  "answer_relevancy": 0.44629878098501585,
  "context_precision": 0.60833333330875,
  "context_recall": 0.875
}