{
  "faithfulness": 0.74,
  "answer_relevancy": 0.43334281673485986,
  "context_precision": 0.7666666666222222,
  "context_recall": 0.805
}