{
  "faithfulness": 0.6628571428571428,
  "answer_relevancy": 0.6535332236237273,
  "context_precision": 0.6999999999665276,
  "context_recall": 0.825
}