{
  "faithfulness": 0.6183333333333334,
  "answer_relevancy": 0.5721495138535345,
  "context_precision": 0.6833333332959721,
  "context_recall": 0.875
}