{
  "faithfulness": 0.775,
  "answer_relevancy": 0.6061827783155651,
  "context_precision": 0.7666666666222222,
  "context_recall": 0.8550000000000001
}