{
  "faithfulness": 0.5666666666666667,
  "answer_relevancy": 0.40802136189009375,
  "context_precision": 0.64166666663875,
  "context_recall": 0.9
}