{
  "faithfulness": 0.4883333333333334,
  "answer_relevancy": 0.22784063455700623,
  "context_precision": 0.7749999999593055,
  "context_recall": 0.805
}