{
  "yxchia_multilingual-e5-large-instruct__ollama_hf.co_microsoft_Phi-3-mini-4k-instruct-gguf:Phi-3-mini-4k-instruct-q4.gguf": {
    "faithfulness": 0.775,
    "answer_relevancy": 0.6061827783155651,
    "context_precision": 0.7666666666222222,
    "context_recall": 0.8550000000000001
  },
  "bge-m3__ollama_hf.co_tiiuae_Falcon3-3B-Instruct-GGUF:Q4_K_M": {
    "faithfulness": 0.4745238095238095,
    "answer_relevancy": 0.4953939610253738,
    "context_precision": 0.60833333330875,
    "context_recall": 0.875
  },
  "bge-m3__ollama_hf.co_MaziyarPanahi_Phi-4-mini-instruct-GGUF:Q4_K_M": {
    "faithfulness": 0.5666666666666667,
    "answer_relevancy": 0.40802136189009375,
    "context_precision": 0.64166666663875,
    "context_recall": 0.9
  },
  "hf.co_Qwen_Qwen3-Embedding-0.6B-GGUF:Q8_0__ollama_hf.co_Qwen_Qwen2.5-3B-Instruct-GGUF:Q4_K_M": {
    "faithfulness": 0.7416666666666667,
    "answer_relevancy": 0.5478768657753279,
    "context_precision": 0.5833333333059721,
    "context_recall": 0.875
  },
  "yxchia_multilingual-e5-large-instruct__ollama_hf.co_tiiuae_Falcon3-3B-Instruct-GGUF:Q4_K_M": {
    "faithfulness": 0.5833333333333334,
    "answer_relevancy": 0.6762396071621113,
    "context_precision": 0.7499999999563889,
    "context_recall": 0.9550000000000001
  },
  "bge-m3__ollama_hf.co_MaziyarPanahi_Phi-3.5-mini-instruct-GGUF:Q4_K_M": {
    "faithfulness": 0.6692857142857143,
    "answer_relevancy": 0.44697496426947714,
    "context_precision": 0.6333333333025,
    "context_recall": 0.9
  },
  "yxchia_multilingual-e5-large-instruct__ollama_hf.co_MaziyarPanahi_Phi-4-mini-instruct-GGUF:Q4_K_M": {
    "faithfulness": 0.74,
    "answer_relevancy": 0.43334281673485986,
    "context_precision": 0.7666666666222222,
    "context_recall": 0.805
  },
  "hf.co_Qwen_Qwen3-Embedding-0.6B-GGUF:Q8_0__ollama_hf.co_MaziyarPanahi_Phi-3.5-mini-instruct-GGUF:Q4_K_M": {
    "faithfulness": 0.6183333333333334,
    "answer_relevancy": 0.5721495138535345,
    "context_precision": 0.6833333332959721,
    "context_recall": 0.875
  },
  "hf.co_Qwen_Qwen3-Embedding-0.6B-GGUF:Q8_0__ollama_hf.co_bartowski_Llama-3.2-3B-Instruct-GGUF:Q4_K_M": {
    "faithfulness": 0.6416666666666666,
    "answer_relevancy": 0.2714839492461544,
    "context_precision": 0.6666666666351387,
    "context_recall": 0.875
  },
  "bge-m3__ollama_hf.co_Qwen_Qwen2.5-3B-Instruct-GGUF:Q4_K_M": {
    "faithfulness": 0.8466666666666667,
    "answer_relevancy": 0.5647634162391121,
    "context_precision": 0.60833333330875,
    "context_recall": 0.875
  },
  "bge-m3__ollama_hf.co_bartowski_Llama-3.2-3B-Instruct-GGUF:Q4_K_M": {
    "faithfulness": 0.7607142857142858,
    "answer_relevancy": 0.40649967617650135,
    "context_precision": 0.6333333333025,
    "context_recall": 0.775
  },
  "bge-m3__ollama_hf.co_microsoft_Phi-3-mini-4k-instruct-gguf:Phi-3-mini-4k-instruct-q4.gguf": {
    "faithfulness": 0.7166666666666666,
    "answer_relevancy": 0.44629878098501585,
    "context_precision": 0.60833333330875,
    "context_recall": 0.875
  },
  "bge-m3__azure-gpt5": {
    "faithfulness": 0.7716666666666666,
    "answer_relevancy": 0.2961067976208477,
    "context_precision": 0.6333333333025,
    "context_recall": 0.875
  },
  "hf.co_Qwen_Qwen3-Embedding-0.6B-GGUF:Q8_0__ollama_hf.co_MaziyarPanahi_Phi-4-mini-instruct-GGUF:Q4_K_M": {
    "faithfulness": 0.6366666666666667,
    "answer_relevancy": 0.4202660936681325,
    "context_precision": 0.691666666632361,
    "context_recall": 0.875
  },
  "yxchia_multilingual-e5-large-instruct__ollama_hf.co_MaziyarPanahi_Phi-3.5-mini-instruct-GGUF:Q4_K_M": {
    "faithfulness": 0.7633333333333333,
    "answer_relevancy": 0.44570525815586615,
    "context_precision": 0.7499999999572221,
    "context_recall": 0.905
  },
  "yxchia_multilingual-e5-large-instruct__ollama_hf.co_bartowski_Llama-3.2-3B-Instruct-GGUF:Q4_K_M": {
    "faithfulness": 0.4883333333333334,
    "answer_relevancy": 0.22784063455700623,
    "context_precision": 0.7749999999593055,
    "context_recall": 0.805
  },
  "hf.co_Qwen_Qwen3-Embedding-0.6B-GGUF:Q8_0__azure-gpt5": {
    "faithfulness": 0.8307142857142857,
    "answer_relevancy": 0.517052121542952,
    "context_precision": 0.6833333332959721,
    "context_recall": 0.875
  },
  "hf.co_Qwen_Qwen3-Embedding-0.6B-GGUF:Q8_0__ollama_hf.co_microsoft_Phi-3-mini-4k-instruct-gguf:Phi-3-mini-4k-instruct-q4.gguf": {
    "faithfulness": 0.6628571428571428,
    "answer_relevancy": 0.6535332236237273,
    "context_precision": 0.6999999999665276,
    "context_recall": 0.825
  },
  "hf.co_Qwen_Qwen3-Embedding-0.6B-GGUF:Q8_0__ollama_hf.co_tiiuae_Falcon3-3B-Instruct-GGUF:Q4_K_M": {
    "faithfulness": 0.6266666666666667,
    "answer_relevancy": 0.653624942249061,
    "context_precision": 0.6916666666273611,
    "context_recall": 0.875
  },
  "yxchia_multilingual-e5-large-instruct__azure-gpt5": {
    "faithfulness": 0.6941666666666666,
    "answer_relevancy": 0.49739275666574817,
    "context_precision": 0.7166666666272221,
    "context_recall": 0.8550000000000001
  },
  "yxchia_multilingual-e5-large-instruct__ollama_hf.co_Qwen_Qwen2.5-3B-Instruct-GGUF:Q4_K_M": {
    "faithfulness": 0.825,
    "answer_relevancy": 0.5894281861504315,
    "context_precision": 0.7333333332930554,
    "context_recall": 0.905
  }
}