{
  "context_recall": 0.6666666666666666,
  "answer_relevancy": 0.7701818398305581,
  "context_precision": 0.0,
  "faithfulness": 0.8333333333333334
}