{
  "answer_relevancy": 0.8568246334839961,
  "context_recall": 0.3333333333333333,
  "context_precision": 0.0,
  "faithfulness": 1.0
}