{
  "answer_relevancy": NaN,
  "context_recall": 0.3333333333333333,
  "context_precision": 0.0,
  "faithfulness": 0.7142857142857143
}