{
  "faithfulness": 0.9791666666666666,
  "answer_relevancy": 0.5661456741138595,
  "context_precision": 0.9351851851512345,
  "context_recall": 1.0
}