{
  "faithfulness": 1.0,
  "answer_relevancy": 0.8921137380631716,
  "context_precision": 0.9999999999625,
  "context_recall": 1.0
}