{
  "faithfulness": 0.9583333333333334,
  "answer_relevancy": 0.9040488411937236,
  "context_precision": 0.972222222187037,
  "context_recall": 1.0
}