{
  "faithfulness": 0.8666666666666667,
  "answer_relevancy": 0.9132198751005257,
  "context_precision": 0.9166666666375001,
  "context_recall": 1.0
}