{
  "faithfulness": 0.9166666666666666,
  "answer_relevancy": 0.8590810872726964,
  "context_precision": 0.972222222187037,
  "context_recall": 1.0
}