{
  "faithfulness": 0.9505494505494506,
  "answer_relevancy": 0.8637507170513677,
  "context_precision": 0.9166666666375001,
  "context_recall": 1.0
}