{
  "hf.co_Qwen_Qwen3-Embedding-0.6B-GGUF:Q8_0__gemini-2.5-pro": {
    "faithfulness": 0.9583333333333334,
    "answer_relevancy": 0.9040488411937236,
    "context_precision": 0.972222222187037,
    "context_recall": 1.0
  },
  "yxchia_multilingual-e5-large-instruct__claude-opus-4-1-20250805": {
    "faithfulness": 0.8813131313131314,
    "answer_relevancy": 0.9105192124972213,
    "context_precision": 0.9351851851512345,
    "context_recall": 1.0
  },
  "hf.co_Qwen_Qwen3-Embedding-0.6B-GGUF:Q8_0__claude-opus-4-1-20250805": {
    "faithfulness": 0.9666666666666667,
    "answer_relevancy": 0.8886134652455269,
    "context_precision": 0.972222222187037,
    "context_recall": 1.0
  },
  "bge-m3__azure-gpt5": {
    "faithfulness": 0.9505494505494506,
    "answer_relevancy": 0.8637507170513677,
    "context_precision": 0.9166666666375001,
    "context_recall": 1.0
  },
  "bge-m3__gemini-2.5-pro": {
    "faithfulness": 0.9166666666666666,
    "answer_relevancy": 0.9109855571048936,
    "context_precision": 0.9166666666375001,
    "context_recall": 1.0
  },
  "bge-m3__claude-opus-4-1-20250805": {
    "faithfulness": 0.8666666666666667,
    "answer_relevancy": 0.9132198751005257,
    "context_precision": 0.9166666666375001,
    "context_recall": 1.0
  },
  "hf.co_Qwen_Qwen3-Embedding-0.6B-GGUF:Q8_0__azure-gpt5": {
    "faithfulness": 0.9166666666666666,
    "answer_relevancy": 0.8590810872726964,
    "context_precision": 0.972222222187037,
    "context_recall": 1.0
  },
  "yxchia_multilingual-e5-large-instruct__gemini-2.5-pro": {
    "faithfulness": 1.0,
    "answer_relevancy": 0.8921137380631716,
    "context_precision": 0.9999999999625,
    "context_recall": 1.0
  },
  "yxchia_multilingual-e5-large-instruct__azure-gpt5": {
    "faithfulness": 0.9791666666666666,
    "answer_relevancy": 0.5661456741138595,
    "context_precision": 0.9351851851512345,
    "context_recall": 1.0
  }
}