{
  "faithfulness": 0.8433333333333334,
  "answer_relevancy": 0.844270406118158,
  "context_precision": 0.9555555555231482,
  "context_recall": 0.8730158730158731
}