{
  "faithfulness": 0.8433333333333334,
  "answer_relevancy": 0.9064919403116434,
  "context_precision": 0.9444444444149074,
  "context_recall": 0.8219047619047618
}