{
  "faithfulness": 0.9482352941176471,
  "answer_relevancy": 0.8357123954212046,
  "context_precision": 0.966666666636389,
  "context_recall": 0.8730158730158731
}