{
  "faithfulness": 0.5239682539682539,
  "answer_relevancy": 0.8029184396508926,
  "context_precision": 0.7305555555167593,
  "context_recall": 0.7574603174603175
}