{
  "faithfulness": 0.7818452380952381,
  "answer_relevancy": 0.9311521859463557,
  "context_precision": 0.9277777777457406,
  "context_recall": 0.8330158730158729
}