{
  "faithfulness": 0.8795238095238094,
  "answer_relevancy": 0.8080316205860807,
  "context_precision": 0.974999999967778,
  "context_recall": 0.8730158730158731
}