{
  "faithfulness": 0.6922619047619047,
  "answer_relevancy": 0.8242965593872513,
  "context_precision": 0.7111111110721298,
  "context_recall": 0.7685714285714286
}