{
  "faithfulness": 0.6980555555555557,
  "answer_relevancy": 0.8763475538504902,
  "context_precision": 0.9833333333016668,
  "context_recall": 0.8730158730158731
}