{
  "faithfulness": 0.5292857142857142,
  "answer_relevancy": 0.8966201117061544,
  "context_precision": 0.9472222221903703,
  "context_recall": 0.8219047619047618
}