{
  "faithfulness": 0.7517063492063493,
  "answer_relevancy": 0.8073744193626725,
  "context_precision": 0.9444444444140739,
  "context_recall": 0.8219047619047618
}