{
  "faithfulness": 0.3190476190476191,
  "answer_relevancy": 0.797464040063207,
  "context_precision": 0.6999999999633333,
  "context_recall": 0.875
}