{
  "faithfulness": 0.6499206349206349,
  "answer_relevancy": 0.6160465590672171,
  "context_precision": 0.7249999999626388,
  "context_recall": 0.8550000000000001
}