{
  "faithfulness": 0.5719047619047618,
  "answer_relevancy": 0.7268588526815154,
  "context_precision": 0.7666666666222222,
  "context_recall": 0.805
}