{
  "faithfulness": 0.6453030303030303,
  "answer_relevancy": 0.5784792258422596,
  "context_precision": 0.6583333333083334,
  "context_recall": 0.875
}