{
  "faithfulness": 0.643452380952381,
  "answer_relevancy": 0.5861374947799658,
  "context_precision": 0.6638888888649537,
  "context_recall": 0.875
}