{
  "faithfulness": 0.8297474747474748,
  "answer_relevancy": 0.1740042167236656,
  "context_precision": 0.6833333332959721,
  "context_recall": 0.875
}