{
  "faithfulness": 0.5952380952380952,
  "answer_relevancy": 0.7862266448844194,
  "context_precision": 0.6583333333075001,
  "context_recall": 0.875
}