{
  "faithfulness": 0.4411363636363636,
  "answer_relevancy": 0.6103227094904453,
  "context_precision": 0.691666666632361,
  "context_recall": 0.775
}