{
  "faithfulness": 0.5307142857142857,
  "answer_relevancy": 0.7033971353726035,
  "context_precision": 0.6083333333095833,
  "context_recall": 0.875
}