{
  "faithfulness": 0.803887778887779,
  "answer_relevancy": 0.4323258625511815,
  "context_precision": 0.7499999999572221,
  "context_recall": 0.805
}