{
  "faithfulness": 0.6438888888888888,
  "answer_relevancy": 0.33830289430970406,
  "context_precision": 0.6833333332975,
  "context_recall": 0.875
}